name,year,google_scholar_profile_quality,category,review_requested,reason,retained_concern,acm_fellow_profile,google_scholar_profile,acm_citation,scholar_name,scholar_affiliation,sample_publications,evidence_title,evidence_authors,supporting_source,shared_fellow,shared_fellow_quality,reviewed_at,scholar_fetched_at,scholar_capture_sha256,acm_fetched_at,acm_capture_sha256
Charles H. Bennett,2025,Y,reasonable_sample,N,"Quantum teleportation, cryptography, entanglement and reversible computation fit the ACM quantum-information citation and IBM affiliation.",,https://amturing.acm.org/award_winners/bennett_1202470.cfm,https://scholar.google.com/citations?user=mkjGmJEAAAAJ,For their essential role in igniting and shaping the quantum revolution in computer science and in information and communications technology.,Charles H. Bennett,"Fellow, IBM Research Division",20,,,,,,2026-09-17T21:32:50-04:00,2026-09-17T02:05:29Z,61af5299c5ea6752dc59761948ac02439763ff305cc63697fb9398ee4d2274aa,2026-09-13T23:35:46Z,1eb825c3200403167f1b39ab571cc69fcddca538e2753d928b9c891c5f9ef30e
Gilles Brassard,2025,Y,reasonable_sample,N,"Quantum cryptography, teleportation, search and algorithms fit the ACM citation and Montreal affiliation; an isolated social-media review does not undermine the coherent sample.",,https://amturing.acm.org/award_winners/brassard_uj34503.cfm,https://scholar.google.com/citations?user=Rh7_srgAAAAJ,For their essential role in igniting and shaping the quantum revolution in computer science and in information and communications technology,Gilles Brassard,"Professor of computer science, Université de Montréal",20,,,,,,2026-09-17T21:32:50-04:00,2026-09-17T02:05:35Z,3e4fe557021dfd3616cb398b2b87fbeee160671d7edb29f0c4aafabe9473029f,2026-09-13T23:35:53Z,31f101d5501fc639a9d4aaefa2c107c9fc7195cf355d89e21e38ae918c4d4ab0
Andrew Barto,2024,Y,reasonable_sample,N,"Reinforcement learning, adaptive critics, hierarchical learning and control fit the ACM citation and UMass affiliation.",,https://awards.acm.org/award-recipients/barto_9471663,https://scholar.google.com/citations?user=CMIgrCgAAAAJ,For developing the conceptual and algorithmic foundations of reinforcement learning,Andrew Barto,University of Massachusetts Amherst,20,,,,,,2026-09-17T21:32:50-04:00,2026-09-17T02:05:41Z,20e408bd48ea23fd56493679122b869c623476631f118102ac6597f5bba485f4,2026-09-13T23:35:58Z,a5aae1e70f8fe7e0b3c6bfbeff28be93aae3b66db486d8d632ff7cabbfe0f803
Richard Sutton,2024,Y,reasonable_sample,N,"Temporal-difference learning, policy gradients, Dyna and reinforcement-learning foundations fit the ACM citation and Alberta affiliation.",,https://awards.acm.org/award-recipients/sutton_0160594,https://scholar.google.com/citations?user=6m4wv6gAAAAJ,For developing the conceptual and algorithmic foundations of reinforcement learning,Richard S. Sutton,"Keen, Amii, and University of Alberta",20,,,,,,2026-09-17T21:32:50-04:00,2026-09-17T02:05:48Z,c2f43d65b7acd85e6103033e11605200aead7595f7d2fbeaa25c8eca04950c98,2026-09-13T23:36:05Z,b3e8b32ee69ce87445b56ec005a9446d44cda9d1bb53b0c966392463f8f7acd5
Avi Wigderson,2023,N,missing_profile,N,No Scholar profile link is stored; N follows the user's explicit missing-profile policy and does not prove that no public profile exists.,,https://awards.acm.org/award-recipients/wigderson_3844537,,"For foundational contributions to the theory of computation, including reshaping our understanding of the role of randomness in computation and mathematics, and for his decades of intellectual leadership in theoretical computer science",,,0,,,,,,2026-09-17T21:32:50-04:00,,,2026-09-13T23:36:12Z,0a52d5620110d795ad9830f7a29d41692905fe3c543f025658537fb53ffcf1c9
Robert Melancton Metcalfe,2022,Y,reasonable_sample,N,"Ethernet, packet communication, network protocols and related computing essays dominate; edited-volume chapter credits do not establish a substantially mixed identity.",,https://awards.acm.org/award-recipients/metcalfe_3968158,https://scholar.google.com/citations?user=EKGzIBYAAAAJ,"For the invention, standardization, and commercialization of Ethernet.",Robert Metcalfe,The University of Texas at Austin,20,,,,,,2026-09-17T21:32:50-04:00,2026-09-17T02:05:55Z,ea7f638f4e5cb33290765ac2e569fd116fa21f3f1835bf5f304c94445d5a684a,2026-09-13T23:36:20Z,b94a88b9156b084ab8e1ddb37c17e456bea2baac281e9717beebd049a77e2acc
Jack Dongarra,2021,Y,reasonable_sample,N,"LAPACK, LINPACK, BLAS, MPI and parallel numerical software dominate, matching ACM; one Floater surface-triangulation paper is adjacent and does not warrant N.",,https://awards.acm.org/award-recipients/dongarra_3406337,https://scholar.google.com/citations?user=X4SbSTAAAAAJ,For his pioneering contributions to numerical algorithms and libraries that enabled high performance computational software to keep pace with exponential hardware improvements for over four decades,Jack Dongarra,University of Tennessee; Oak Ridge National Laboratory; University of Manchester,20,,,,Jack Dongarra,Y,2026-09-17T21:32:50-04:00,2026-09-17T02:06:01Z,f3faf756db6dd4095e19ca58ffb0a325b6cb2e82327b97bdac222d7174cc0a41,2026-09-13T23:36:27Z,5a765f1850454bdbeaae9002905b144e1db08c3c12063a3dd1e03abb8e677388
Alfred V Aho,2020,Y,reasonable_sample,N,"Compilers, parsing, algorithms, AWK and string matching fit the ACM citation; translations, abbreviated credits and broad computing reports are reasonable.",,https://awards.acm.org/award-recipients/aho_1046358,https://scholar.google.com/citations?user=gb2r2ssAAAAJ,"For fundamental algorithms and theory underlying programming language implementation and for synthesizing these results and those of others in their highly influential books, which educated generations of computer scientists.",Alfred Aho,"Lawrence Gussman Professor of Computer Science, Columbia University",20,,,,Alfred V Aho,Y,2026-09-17T21:32:50-04:00,2026-09-17T02:06:07Z,3a403ddaa9ddf42a0204bf01c7379302fe5ab98255fa57d02f0df1c1e0021553,2026-09-13T23:36:34Z,a2da030f649bf824a63eaa0dfc2f05fb45ebdfad19bcf660bb1a0f0c18dc7f6a
Jeffrey D Ullman,2020,Y,reasonable_sample,N,"Automata, compilers, databases, data mining and algorithms form a coherent sample matching the ACM citation.",,https://awards.acm.org/award-recipients/ullman_1054360,https://scholar.google.com/citations?user=wUJ2bXgAAAAJ,"For fundamental algorithms and theory underlying programming language implementation and for synthesizing these results and those of others in their highly influential books, which educated generations of computer scientists.",Jeffrey Ullman,"Professor of Computer Science, Stanford University",20,,,,Jeffrey D Ullman,Y,2026-09-17T21:32:50-04:00,2026-09-17T02:06:13Z,d6547d5148bcef7353b732ff87dfc5b2a6a64413b13905c0643593882c7911b3,2026-09-13T23:36:40Z,53aa8986e071f21328d48b5955e976bd1a1d848e5ece23b187f863708e64e3c8
Edwin Catmull,2019,Y,reasonable_sample,N,"Pixar leadership, creativity publications and graphics work fit the ACM identity; many translated or duplicate book records limit breadth, but do not indicate a substantially mixed profile.",,https://awards.acm.org/award-recipients/catmull_1244219,https://scholar.google.com/citations?user=qb5SK0QAAAAJ,"For fundamental contributions to 3D computer graphics, and the impact of computer-generated imagery (CGI) in filmmaking and other applications.",Edwin Catmull,"Pixar, Disney, retired",20,,,,Edwin Catmull,Y,2026-09-17T21:32:50-04:00,2026-09-17T02:06:21Z,973185da4e5e7f7a7248d529cf39d45fd9a5bc9f3ba53ad7ead5ff9600f3c996,2026-09-13T23:36:47Z,e6f3d6eb3d447104bffc09a9cc4a0669b2572296cae7562170f76ab14c518ab6
Pat Hanrahan,2019,Y,reasonable_sample,N,"Rendering, light fields, graphics hardware and visualization fit ACM; contributor and foreword credits are compatible with the rendering-book entries.",,https://awards.acm.org/award-recipients/hanrahan_4652251,https://scholar.google.com/citations?user=RzEnQmgAAAAJ,"For fundamental contributions to 3D computer graphics, and the impact of computer-generated imagery (CGI) in filmmaking and other applications.",Patrick Hanrahan,Stanford University,20,,,,Pat Hanrahan,Y,2026-09-17T21:32:50-04:00,2026-09-17T02:06:26Z,56d2821a234cd064a77c1cd545750aa6186811a6fe968198b0f2693640e1c037,2026-09-13T23:36:55Z,c83b4894fbbd9f0d097cbba38789e2b9ff621d85b734a5546c6be833ddd7db26
Geoffrey E Hinton,2018,Y,reasonable_sample,N,"Neural networks, backpropagation, representation learning and deep learning fit the ACM citation and Toronto identity.",,https://awards.acm.org/award-recipients/hinton_4791679,https://scholar.google.com/citations?user=JicYPdAAAAAJ,For conceptual and engineering breakthroughs that have made deep neural networks a critical component of computing.,Geoffrey Hinton,"Emeritus Prof. Computer Science, University of Toronto",20,,,,Geoffrey E Hinton,Y,2026-09-17T21:32:50-04:00,2026-09-17T02:06:32Z,c217bd04ae1f9a8399071b530b442eccb57b97142c8c7055160fe84e6256639b,2026-09-13T23:37:02Z,dda652800b49e65bdc7086cf9b8f10ed17a020879f01062990011b5b4d51cb45
Yann LeCun,2018,Y,reasonable_sample,N,"Convolutional networks, handwriting recognition and deep learning fit ACM; an aggregated CVPR proceedings entry does not materially spoil the sample.",,https://awards.acm.org/award-recipients/lecun_6017366,https://scholar.google.com/citations?user=WLN3QrAAAAAJ,For conceptual and engineering breakthroughs that have made deep neural networks a critical component of computing.,Yann LeCun,"Executive Chairman AMI Labs & Jacob T Schwarz Professor, Courant Institute, New York University",20,,,,Yann LeCun,Y,2026-09-17T21:32:50-04:00,2026-09-17T02:06:39Z,8a75d88371a1ceb9c728723926c1412cca8c6b2f3e1f4db63812f359f0ed424a,2026-09-13T23:37:09Z,f45b7249dcc5036394cae69cb99a3e62ab9754502c9fde807aa9e5e15e321c18
Yoshua Bengio,2018,Y,reasonable_sample,N,"Deep learning, generative models, neural translation and representation learning fit ACM and the Montreal identity.",,https://awards.acm.org/award-recipients/bengio_3406375,https://scholar.google.com/citations?user=kukA0LcAAAAJ,For conceptual and engineering breakthroughs that have made deep neural networks a critical component of computing.,Yoshua Bengio,"Professor of computer science, University of Montreal, Mila, IVADO, CIFAR",20,,,,Yoshua Bengio,Y,2026-09-17T21:32:50-04:00,2026-09-17T02:06:46Z,5c1a4751b38ad2d577f856d6f38dc992ffc4f2d36ed3cf1c3e6b5676e48fbf6f,2026-09-13T23:37:16Z,da9b63808208634efb3d972ab4dcec669390a192bc63ba25fa799da1a8a87fbd
David Patterson,2017,Y,isolated_attribution_concern,N,"Computer architecture, RAID, cloud computing, RISC-V and TPU work dominate; the known QWERTY misattribution and another possible outlier do not meet the substantial-contamination threshold.",Clio and the Economics of QWERTY is credited to Paul A. David; the rest of the sample is dominated by the recipient's architecture and systems work.,https://awards.acm.org/award-recipients/patterson_2316693,https://scholar.google.com/citations?user=Wj4ZBFIAAAAJ,"For pioneering a systematic, quantitative approach to the design and evaluation of computer architectures with enduring impact on the microprocessor industry.",David Patterson,"Professor of Computer Science, UC Berkeley",20,Clio and the Economics of QWERTY,PA David,https://joeornstein.github.io/pols-4641/readings/David%20-%201985%20-%20Clio%20and%20the%20Economics%20of%20QWERTY.pdf,David Patterson,Y,2026-09-17T21:32:50-04:00,2026-09-17T02:06:54Z,c571b2a858947549eb49f0a53a1c31455e38fef9d327bb211fa520b0dcfce026,2026-09-13T23:37:23Z,d109d8526553d3ec153bf5ec0a6add3a99abb6715c0efc27148ec136caee0507
John L Hennessy,2017,Y,reasonable_sample,N,"Architecture textbooks, DASH/FLASH, cache coherence, compilers and multiprocessors fit the ACM citation and Stanford identity.",,https://awards.acm.org/award-recipients/hennessy_1426931,https://scholar.google.com/citations?user=tp07xT0AAAAJ,"For pioneering a systematic, quantitative approach to the design and evaluation of computer architectures with enduring impact on the microprocessor industry.",John Hennessy,Stanford University,20,,,,John L Hennessy,Y,2026-09-17T21:32:50-04:00,2026-09-17T02:07:00Z,6e8b22584e1948ae7f556ee9b98f2e8060d18eb147d60a769f4c875f44daf32a,2026-09-13T23:37:29Z,9a47ab4bf6fa45b7df520fae8418db29bb91bf8c2fcb913d446c9ec3962f1162
Tim Berners-Lee,2016,N,missing_profile,N,No Scholar profile link is stored; N follows the user's explicit missing-profile policy and does not prove that no public profile exists.,,https://awards.acm.org/award-recipients/berners-lee_8087960,,"For inventing the World Wide Web, the first web browser, and the fundamental protocols and algorithms allowing the Web to scale.",,,0,,,,,,2026-09-17T21:32:50-04:00,,,2026-09-13T23:37:37Z,12a88ecd64d737b1631d963460b6b090539441194de8ea6f07d8773c54cb74e8
Martin Hellman,2015,N,missing_profile,N,No Scholar profile link is stored; N follows the user's explicit missing-profile policy and does not prove that no public profile exists.,,https://awards.acm.org/award-recipients/hellman_4055781,,"For inventing and promulgating both asymmetric public-key cryptography, including its application to digital signatures, and a practical cryptographic key-exchange method.",,,0,,,,,,2026-09-17T21:32:50-04:00,,,2026-09-13T23:37:43Z,44e42289f5fe8e517ae0cbf5d6e878aa4fb53064dd6b5d7de3651082c4e124ab
Whitfield Diffie,2015,N,missing_profile,N,No Scholar profile link is stored; N follows the user's explicit missing-profile policy and does not prove that no public profile exists.,,https://awards.acm.org/award-recipients/diffie_8371646,,"For inventing and promulgating both asymmetric public-key cryptography, including its application to digital signatures, and a practical cryptographic key-exchange method.",,,0,,,,,,2026-09-17T21:32:50-04:00,,,2026-09-13T23:37:50Z,c8801570e7488679e1db814d833dd57ac2a62c6cae758d4eb4c769a00f1ec668
Michael Stonebraker,2014,N,missing_profile,N,No Scholar profile link is stored; N follows the user's explicit missing-profile policy and does not prove that no public profile exists.,,https://awards.acm.org/award-recipients/stonebraker_1172121,,For fundamental contributions to the concepts and practices underlying modern database systems.,,,0,,,,,,2026-09-17T21:32:50-04:00,,,2026-09-13T23:37:57Z,6d2d7a7fdd4f589c90799b4e06258404732f222387a886338f380f6f977d8e22
Leslie Lamport,2013,Y,reasonable_sample,N,"Distributed systems, clocks, consensus, temporal logic and LaTeX identify the expected recipient despite an unknown affiliation field.",,https://awards.acm.org/award-recipients/lamport_1205376,https://scholar.google.com/citations?user=uG3icVgAAAAJ,"For fundamental contributions to the theory and practice of distributed and concurrent systems, notably the invention of concepts such as causality and logical clocks, safety and liveness, replicated state machines, and sequential consistency.",Leslie Lamport,Unknown affiliation,20,,,,Leslie Lamport,Y,2026-09-17T21:32:50-04:00,2026-09-17T02:07:07Z,c948e58125f9f6570b801ce4a704939dd7add6398b9e08639c3fde381a17b1fb,2026-09-13T23:38:04Z,3a73489dfeb6f22a5e7ce4b3a4cf29cd8ab097565cc61da0f2d29297a9ea399f
Shafi Goldwasser,2012,Y,reasonable_sample,N,"Cryptography, interactive proofs, signatures and complexity fit the ACM citation and Berkeley identity.",,https://awards.acm.org/award-recipients/goldwasser_8627889,https://scholar.google.com/citations?user=KA8dgpMAAAAJ,"Along with Silvio Micali, for transformative work that laid the complexity-theoretic foundations for the science of cryptography, and in the process pioneered new methods for efficient verification of mathematical proofs in complexity theory.",Shafi Goldwasser,professor of computer science at UC Berkeley,20,,,,Shafi Goldwasser,Y,2026-09-17T21:32:50-04:00,2026-09-17T02:07:14Z,baded7a9e35afed8e68f88f134d78c3efbee39422a51973088f76bd91f27d78e,2026-09-13T23:38:11Z,5a66c15c0c6407d444a3e769835e3805c25bfe62f42478abcb9222ff1a424c36
Silvio Micali,2012,N,missing_profile,N,No Scholar profile link is stored; N follows the user's explicit missing-profile policy and does not prove that no public profile exists.,,https://awards.acm.org/award-recipients/micali_9954407,,"Along with Shafi Goldwasser, for transformative work that laid the complexity-theoretic foundations for the science of cryptography, and in the process pioneered new methods for efficient verification of mathematical proofs in complexity theory.",,,0,,,,,,2026-09-17T21:32:50-04:00,,,2026-09-13T23:38:18Z,51b4fe60bc30091acd4ca7f0eda67f1545524b481837bbb37fcbe0c099850b34
Judea Pearl,2011,Y,reasonable_sample,N,"Causal and probabilistic reasoning, Bayesian networks and heuristic search fit the ACM citation; epidemiologic causal-method papers are relevant applications.",,https://awards.acm.org/award-recipients/pearl_2658896,https://scholar.google.com/citations?user=bAipNH8AAAAJ,For fundamental contributions to artificial intelligence through the development of a calculus for probabilistic and causal reasoning.,Judea Pearl,"Professor of Computer Science, University of California, Los Angeles",20,,,,Judea Pearl,Y,2026-09-17T21:32:50-04:00,2026-09-17T02:07:19Z,8adf51f6d3bc4eec97a4b33b7a78d5aae00e9f94cdacafc7e2656b4f32a35d4b,2026-09-13T23:38:25Z,26bb50af22199db9c67299184f5ce97d03d992421c3e8212ac5067886476f3de
Leslie G Valiant,2010,Y,reasonable_sample,N,"PAC learning, counting complexity, parallel computation and algebraic complexity fit ACM despite an unknown affiliation field.",,https://awards.acm.org/award-recipients/valiant_2612174,https://scholar.google.com/citations?user=H509xdsAAAAJ,"For transformative contributions to the theory of computation, including the theory of probably approximately correct (PAC) learning, the complexity of enumeration and of algebraic computation, and the theory of parallel and distributed computing.",Leslie Valiant,Unknown affiliation,20,,,,Leslie G Valiant,Y,2026-09-17T21:32:50-04:00,2026-09-17T02:07:27Z,9462fb8f3550f90f0546125df33c4746c411426a888f643bd00152c65ea39dd9,2026-09-13T23:38:33Z,12050bfa49e6d5a5495f2d5c1ea91601a68bb19ac54b15f85d2a52c93fe3bdf9
Charles P. Thacker,2009,N,missing_profile,N,No Scholar profile link is stored; N follows the user's explicit missing-profile policy and does not prove that no public profile exists.,,https://awards.acm.org/award-recipients/thacker_1336106,,"For the pioneering design and realization of the first modern personal computer -- the Alto at Xerox PARC -- and seminal inventions and contributions to local area networks (including the Ethernet), multiprocessor workstations, snooping cache coherence protocols, and tablet personal computers.",,,0,,,,,,2026-09-17T21:32:50-04:00,,,2026-09-13T23:39:58Z,fc56ca95a38ad20e97d1e8e5a57645b5a9f9386dddea9b2b0dc1ad3e48c36143
Barbara Liskov,2008,N,missing_profile,N,No Scholar profile link is stored; N follows the user's explicit missing-profile policy and does not prove that no public profile exists.,,https://awards.acm.org/award-recipients/liskov_1108679,,"For contributions to practical and theoretical foundations of programming language and system design, especially related to data abstraction, fault tolerance, and distributed computing.",,,0,,,,,,2026-09-17T21:32:50-04:00,,,2026-09-13T23:40:05Z,b379384215af6f0b8592d789118d2e00685001861f71a73db9117e1e5ed3711d
E. Allen Emerson,2007,N,missing_profile,N,No Scholar profile link is stored; N follows the user's explicit missing-profile policy and does not prove that no public profile exists.,,https://awards.acm.org/award-recipients/emerson_1671460,,"Together with Edmund Clarke and Joseph Sifakis, for their role in developing Model-Checking into a highly effective verification technology that is widely adopted in the hardware and software industries.",,,0,,,,,,2026-09-17T21:32:50-04:00,,,2026-09-13T23:40:11Z,fc6841d58cc04cb4299ea218368e446cb6c16d194747fdf96a84c59efd698032
Edmund Clarke,2007,Y,reasonable_sample,N,"Model checking, temporal logic, abstraction and verification tools form a coherent sample matching the ACM citation.",,https://awards.acm.org/award-recipients/clarke_1167964,https://scholar.google.com/citations?user=_adL2C8AAAAJ,"Together with E. Allen Emerson and Joseph Sifakis, for their role in developing Model-Checking into a highly effective verification technology that is widely adopted in the hardware and software industries.",Edmund Clarke,University Professor Emeritus at Carnegie Mellon University,20,,,,Edmund Clarke,Y,2026-09-17T21:32:50-04:00,2026-09-17T02:07:40Z,056914fa5e910b8b9bdbb96e28a58534a58fe6d8acdcba6509c038fdba87c0f7,2026-09-13T23:40:18Z,9a881b9469d12a83dd882a4377caedde97da24c64d562d5502fa91439a20650b
Joseph Sifakis,2007,Y,reasonable_sample,N,"Model checking, timed and hybrid systems, controllers and component-based design fit ACM and Verimag.",,https://awards.acm.org/award-recipients/sifakis_1701095,https://scholar.google.com/citations?user=8jCwk4EAAAAJ,"Together with Edmund Clarke and E. Allen Emerson, for their role in developing Model-Checking into a highly effective verification technology that is widely adopted in the hardware and software industries.",Joseph Sifakis,"Reseracher at Verimag laboratory, Grenoble",20,,,,Joseph Sifakis,Y,2026-09-17T21:32:50-04:00,2026-09-17T02:07:45Z,e6d806793b99ab9ac520b11010a7bb5b8a8537d38078d48069ca12a7005a1a31,2026-09-13T23:40:25Z,2be4077a089de4700aa0adf134b852c5a8ada8474cb6d7cc6e696813cc8b44bb
Frances Allen,2006,N,missing_profile,N,No Scholar profile link is stored; N follows the user's explicit missing-profile policy and does not prove that no public profile exists.,,https://awards.acm.org/award-recipients/allen_1012327,,For pioneering contributions to the theory and practice of optimizing compiler techniques that laid the foundation for modern optimizing compilers and automatic parallel execution.,,,0,,,,,,2026-09-17T21:32:50-04:00,,,2026-09-13T23:40:31Z,6ac4b9f268fac21cc6f2ea81c6501a6b9cd6de25ac5cddfda846bf599860992c
Peter Naur,2005,N,missing_profile,N,No Scholar profile link is stored; N follows the user's explicit missing-profile policy and does not prove that no public profile exists.,,https://awards.acm.org/award-recipients/naur_1024454,,"For fundamental contributions to programming language design and the definition of Algol 60, to compiler design, and to the art and practice of computer programming.",,,0,,,,,,2026-09-17T21:32:50-04:00,,,2026-09-13T23:40:37Z,422b08ffdebac270b77c84f828506662b02cfdd5c5c8ee2d994eb42e9fc92281
Robert E Kahn,2004,N,missing_profile,N,No Scholar profile link is stored; N follows the user's explicit missing-profile policy and does not prove that no public profile exists.,,https://awards.acm.org/award-recipients/kahn_4598637,,"For pioneering work on internetworking, including the design and implementation of the Internet's basic communications protocols, TCP/IP, and for inspired leadership in networking.",,,0,,,,,,2026-09-17T21:32:50-04:00,,,2026-09-13T23:40:44Z,1988e8c3568e0cf817089fc0ec6d39b929787e5b8b4cf1faf714fe22732e65fb
Vinton Cerf,2004,N,missing_profile,N,No Scholar profile link is stored; N follows the user's explicit missing-profile policy and does not prove that no public profile exists.,,https://awards.acm.org/award-recipients/cerf_1083211,,"For pioneering work on internetworking, including the design and implementation of the Internet's basic communications protocols, TCP/IP, and for inspired leadership in networking.",,,0,,,,,,2026-09-17T21:32:50-04:00,,,2026-09-13T23:40:51Z,af5ba9646fe745d212056b13a1f624d4a0ae246718089ea7ee614867c4c66e18
Alan Kay,2003,N,missing_profile,N,No Scholar profile link is stored; N follows the user's explicit missing-profile policy and does not prove that no public profile exists.,,https://awards.acm.org/award-recipients/kay_3972189,,"""For pioneering many of the ideas at the root of contemporary object-oriented programming languages, leading the team that developed Smalltalk, and for fundamental contributions to personal computing.""",,,0,,,,,,2026-09-17T21:32:50-04:00,,,2026-09-13T23:40:57Z,3430decb42338c8fb83fa3c69559d5b56893d3d83bd13dd9f3b2fc3dca97567b
Adi Shamir,2002,Y,reasonable_sample,N,"RSA, secret sharing, identification, differential cryptanalysis and related cryptography fit ACM despite an unknown affiliation field.",,https://awards.acm.org/award-recipients/shamir_2327856,https://scholar.google.com/citations?user=EHLBP20AAAAJ,"Together with Leonard M. Adleman and Ronald Rivest, for their ingenious contribution to making public-key cryptography useful in practice.",Adi Shamir,Unknown affiliation,20,,,,Adi Shamir,Y,2026-09-17T21:32:50-04:00,2026-09-17T02:07:52Z,726138f052c0385b57adc03b18e43b50a543c78bd9d34751e8029f688ff1d113,2026-09-13T23:41:05Z,a702128b110a2111f896564ae2860d3e2a2299f3b155c95f6c5f4e0b2cc7ad1a
Leonard M. Adleman,2002,N,missing_profile,N,No Scholar profile link is stored; N follows the user's explicit missing-profile policy and does not prove that no public profile exists.,,https://awards.acm.org/award-recipients/adleman_7308544,,"Together with Ronald Rivest and Adi Shamir, for their ingenious contribution to making public-key cryptography useful in practice.",,,0,,,,,,2026-09-17T21:32:50-04:00,,,2026-09-13T23:41:11Z,11075103b2821f9525d6005d96c7d382731498807c0b021e217611457f3f8a9f
Ronald L Rivest,2002,Y,reasonable_sample,N,"RSA, signatures, encryption, algorithms and privacy dominate; the Merkle-credited secure-communication entry is an isolated related-area concern.",,https://awards.acm.org/award-recipients/rivest_1403005,https://scholar.google.com/citations?user=6qE0tdAAAAAJ,"Together with Leonard M. Adleman and Adi Shamir, for their ingenious contribution to making public-key cryptography useful in practice.",Ronald L. Rivest,MIT Institute Professor,20,,,,Ronald L Rivest,Y,2026-09-17T21:32:50-04:00,2026-09-17T02:07:57Z,2072e3ddbb76f7e5af0bce2adc42dc5e2c71dc6cfcb5b390629c7762bdd19fdf,2026-09-13T23:41:18Z,33f2fcff322ae9aa1b5087b0645a5e6d18461c926a8cff61fc81d0098d65181b
Kristen Nygaard,2001,N,missing_profile,N,No Scholar profile link is stored; N follows the user's explicit missing-profile policy and does not prove that no public profile exists.,,https://amturing.acm.org/award_winners/nygaard_5916220.cfm,,"With Ole-Johan Dahl, for ideas fundamental to the emergence of object oriented programming, through their design of the programming languages Simula I and Simula 67.",,,0,,,,,,2026-09-17T21:32:50-04:00,,,2026-09-13T23:41:25Z,aa0bbb6d9c1c0fd8aa9b537400639ce514b28b400d152125326481252f5dafa9
Ole-Johan Dahl,2001,N,missing_profile,N,No Scholar profile link is stored; N follows the user's explicit missing-profile policy and does not prove that no public profile exists.,,https://awards.acm.org/award-recipients/dahl_6917600,,"With Kristen Nygaard, for ideas fundamental to the emergence of object oriented programming, through their design of the programming languages Simula I and Simula 67.",,,0,,,,,,2026-09-17T21:32:50-04:00,,,2026-09-13T23:41:31Z,99835666be089f032c1875efae69657f8cb117ffd7f4295af6f775f932921641
Andrew C Yao,2000,N,missing_profile,N,No Scholar profile link is stored; N follows the user's explicit missing-profile policy and does not prove that no public profile exists.,,https://awards.acm.org/award-recipients/yao_1611524,,"In recognition of his fundamental contributions to the theory of computation, including the complexity-based theory of pseudorandom number generation, cryptography, and communication complexity.",,,0,,,,,,2026-09-17T21:32:50-04:00,,,2026-09-13T23:41:38Z,dc829a458bd07f9bb67b247262ff5661e23fe0ca5fb93962424c10ba78cc244d
Frederick Brooks,1999,Y,contributor_credit_caveat,Y,"Software engineering, architecture and virtual-environment systems fit ACM; related nanomanipulation work is coherent, while one architecture-book attribution remains uncertain.","The architecture textbook lists Patterson, Hennessy and Goldberg; a contributor or merged-record explanation remains unresolved, but the surrounding sample is coherent.",https://awards.acm.org/award-recipients/brooks_1002187,https://scholar.google.com/citations?user=_h65cfgAAAAJ,"For landmark contributions to computer architecture, operating systems, and software engineering.",Frederick P. Brooks,"University of North Carolina at Chapel Hill, emeritus",20,Computer architecture: a quantitative approach,"DA Patterson, JL Hennessy, D Goldberg",,Frederick Brooks,Y,2026-09-17T21:32:50-04:00,2026-09-17T02:08:04Z,448dc6d68f5b25c1d7ca91f6811e95df8e90e6d366d98a852c9546c0d5ebcf83,2026-09-13T23:41:45Z,ceac6bda694016b6c4230efe284f4676a32665f9da17436c2b3aa35944c02468
Jim Gray,1998,Y,reasonable_sample,N,"Transactions, relational databases, replication and scientific data releases form a coherent database-systems record matching ACM; astronomy collaborations alone are not evidence of contamination.",,https://awards.acm.org/award-recipients/gray_3649936,https://scholar.google.com/citations?user=Dn4kkYUAAAAJ,For seminal contributions to database and transaction processing research and technical leadership in system implementation.,Jim Gray,"IBM, Tandem, DEC, Microsoft",20,,,,Jim Gray,Y,2026-09-17T21:32:50-04:00,2026-09-17T02:10:33Z,123b797feef5c72f08de31a11a27d5b6a6d34588ca629a0b700caaeccc913716,2026-09-13T23:41:52Z,04af618963afd0f93b5e88200d54d4513335fa7b37a51331962fe9db3c51a639
Douglas Engelbart,1997,Y,reasonable_sample,N,"Human augmentation, NLS/AUGMENT, interactive displays and collaborative knowledge systems fit the ACM citation and SRI identity.",,https://awards.acm.org/award-recipients/engelbart_5078811,https://scholar.google.com/citations?user=AS8m_l4AAAAJ,For an inspiring vision of the future of interactive computing and the invention of key technologies to help realize this vision.,Douglas Engelbart,"SRI, Bootstrap Institute",20,,,,,,2026-09-17T21:32:50-04:00,2026-09-17T02:10:40Z,03f7ef4a4720ff2d9f79e8e26d89183de782d5e1d23119c05d4c9c7a3ed05c68,2026-09-13T23:41:58Z,c755f02f3d90ca22e1d1e98dbb309298bf6b6b19a78e5507eb34030dd0c23ebc
Amir Pnueli,1996,N,missing_profile,N,No Scholar profile link is stored; N follows the user's explicit missing-profile policy and does not prove that no public profile exists.,,https://awards.acm.org/award-recipients/pnueli_4725172,,For seminal work introducing temporal logic into computing science and for outstanding contributions to program and system verification.,,,0,,,,,,2026-09-17T21:32:50-04:00,,,2026-09-13T23:42:05Z,a9be1283b790780e7a9a2b3463dc3c6ac41f7ef47a71f7051c5cd60e7ad0e446
Manuel Blum,1995,N,missing_profile,N,No Scholar profile link is stored; N follows the user's explicit missing-profile policy and does not prove that no public profile exists.,,https://awards.acm.org/award-recipients/blum_4659082,,In recognition of his contributions to the foundations of computational complexity theory and its application to cryptography and program checking.,,,0,,,,,,2026-09-17T21:32:50-04:00,,,2026-09-13T23:42:13Z,64cf66eb3b7fc6d0db4e3f56525c4d1a16146912390240bba7b96de38ea959ec
Edward A Feigenbaum,1994,N,missing_profile,N,No Scholar profile link is stored; N follows the user's explicit missing-profile policy and does not prove that no public profile exists.,,https://awards.acm.org/award-recipients/feigenbaum_4167235,,"For pioneering the design and construction of large scale artificial intelligence systems, demonstrating the practical importance and potential commercial impact of artificial intelligence technology.",,,0,,,,,,2026-09-17T21:32:50-04:00,,,2026-09-13T23:42:19Z,b7a3f103617ca41e250273ec36d92d2023c27650fd5366c82e36d2ae2fd2ccd5
Raj Reddy,1994,Y,thesis_or_project_credit_caveat,Y,"Speech recognition, Hearsay, Sphinx, AI systems and related applications fit ACM; a Lowerre-credited HARPY work needs attribution context but does not spoil the profile.",HARPY is credited to B. Lowerre; check the thesis/project or merged-record attribution if exact publication ownership matters.,https://awards.acm.org/award-recipients/reddy_9634208,https://scholar.google.com/citations?user=mYu2uuIAAAAJ,"For pioneering the design and construction of large scale artificial intelligence systems, demonstrating the practical importance and potential commercial impact of artificial intelligence technology.",Raj Reddy,"University Professor of Computer Science and Robotics, Carnegie Mellon University",20,The HARPY speech understanding system,B Lowerre,,Raj Reddy,Y,2026-09-17T21:32:50-04:00,2026-09-17T02:10:45Z,fba3eaa6d06389d8101114f78c7e258d1a0790c9a8871aa375b37ecf3b352254,2026-09-13T23:42:26Z,de0ecc3b03b2a99e552e4bcc1d0345b4519abd0960d110f2c4ca5d779e300d6e
Juris Hartmanis,1993,N,missing_profile,N,No Scholar profile link is stored; N follows the user's explicit missing-profile policy and does not prove that no public profile exists.,,https://awards.acm.org/award-recipients/hartmanis_1059260,,"With Richard E. Stearns, in recognition of their seminal paper which established the foundations for the field of computational complexity theory.",,,0,,,,,,2026-09-17T21:32:50-04:00,,,2026-09-13T23:42:33Z,95d5135d5f48c69c89f3687ddbee24511c57e4772dd706da31f41d974f3d2a99
Richard E Stearns,1993,N,missing_profile,N,No Scholar profile link is stored; N follows the user's explicit missing-profile policy and does not prove that no public profile exists.,,https://awards.acm.org/award-recipients/stearns_1081900,,"With Juris Hartmanis, in recognition of their seminal paper which established the foundations for the field of computational complexity theory.",,,0,,,,,,2026-09-17T21:32:50-04:00,,,2026-09-13T23:42:40Z,a016e4e596aeff3464f909877f07dee5595afe825daf57b0fbd2669f1c0100c9
Butler W Lampson,1992,Y,reasonable_sample,N,"Systems, security, distributed computing, networking and programming systems fit ACM and the Microsoft identity.",,https://awards.acm.org/award-recipients/lampson_1142421,https://scholar.google.com/citations?user=9eyvm28AAAAJ,"For contributions to the development of distributed, personal computing environments and the technology for their implementation: workstations, networks, operating systems, programming systems, displays, security and document publishing.",Butler Lampson,"Technical Fellow, Microsoft Research",20,,,,Butler W Lampson,Y,2026-09-17T21:32:50-04:00,2026-09-17T02:10:51Z,0578c3b66c009545feb81a3f7f0db8b6aae2cf4e77dcce9ef99040b15e5deffc,2026-09-13T23:43:44Z,53fbdc0f7f6afeea5fa81e9fa7b9f5ac87426c4156644e2c677a8955f6975437
A J Milner,1991,N,missing_profile,N,No Scholar profile link is stored; N follows the user's explicit missing-profile policy and does not prove that no public profile exists.,,https://awards.acm.org/award-recipients/milner_1569367,,"For three distinct and complete achievements: LCF, the mechanization of Scott's Logic of Computable Functions, probably the first theoretically based yet practical tool for machine assisted proof construction; ML, the first language to include polymorphic type inference together with a type-safe exception-handling mechanism; CCS, a general theory of concurrency. In addition, he formulated and strongly advanced full abstraction, the study of the relationship between operational and denotational semantics.",,,0,,,,,,2026-09-17T21:32:50-04:00,,,2026-09-13T23:43:50Z,e625e5a4e557b52fafb99877afc4e38b324701dbb53904fac34890f63b27acc3
Fernando Corbato,1990,N,missing_profile,N,No Scholar profile link is stored; N follows the user's explicit missing-profile policy and does not prove that no public profile exists.,,https://awards.acm.org/award-recipients/corbato_1009471,,"For his pioneering work organizing the concepts and leading the development of the general-purpose, large-scale, time-sharing and resource-sharing computer systems, CTSS and Multics.",,,0,,,,,,2026-09-17T21:32:50-04:00,,,2026-09-13T23:43:56Z,4179cdb430d0fcb3ff93201bffa4159fef0970eec8ceee131c1cbbce28d8fc37
William Kahan,1989,N,missing_profile,N,No Scholar profile link is stored; N follows the user's explicit missing-profile policy and does not prove that no public profile exists.,,https://awards.acm.org/award-recipients/kahan_1023746,,"For his fundamental contributions to numerical analysis. One of the foremost experts on floating-point computations. Kahan has dedicated himself to ""making the world safe for numerical computations!""",,,0,,,,,,2026-09-17T21:32:50-04:00,,,2026-09-13T23:44:04Z,ebefc8c8723aa3c907415788f15ce3c37e5a61151708cc4e13480b6f58400c25
Ivan Sutherland,1988,N,missing_profile,N,No Scholar profile link is stored; N follows the user's explicit missing-profile policy and does not prove that no public profile exists.,,https://awards.acm.org/award-recipients/sutherland_3467412,,"For his pioneering and visionary contributions to computer graphics, starting with Sketchpad, and continuing after.",,,0,,,,,,2026-09-17T21:32:50-04:00,,,2026-09-13T23:44:10Z,0ecc762adfb4ab103ec592cac730158e5d7cfbf7c27ba50acee6cd830d8f9bf2
John Cocke,1987,N,missing_profile,N,No Scholar profile link is stored; N follows the user's explicit missing-profile policy and does not prove that no public profile exists.,,https://awards.acm.org/award-recipients/cocke_2083115,,"For significant contributions in the design and theory of compilers, the architecture of large systems and the development of reduced instruction set computers (RISC); for discovering and systematizing many fundamental transformations now used in optimizing compilers including reduction of operator strength, elimination of common subexpressions, register allocation, constant propagation, and dead code elimination.",,,0,,,,,,2026-09-17T21:32:50-04:00,,,2026-09-13T23:44:18Z,129e4ea758265fd58ea5c4bc15a997be8ef74c074123b18af4442b73ad518df5
John E Hopcroft,1986,Y,reasonable_sample,N,"Automata, graph algorithms, data structures and later machine-learning applications fit ACM and the Cornell identity.",,https://awards.acm.org/award-recipients/hopcroft_1053917,https://scholar.google.com/citations?user=4Z6vo5QAAAAJ,For fundamental achievements in the design and analysis of algorithms and data structures.,John Hopcroft,Cornell University,20,,,,John E Hopcroft,Y,2026-09-17T21:32:50-04:00,2026-09-17T02:10:58Z,2aacd18e39b23e35650490057d6c47a76e5f783c5de642921779cdef46745fa5,2026-09-13T23:44:24Z,21c7672aa66f49226ff7bc456b9883b8a09ace1de29579039b504c5d42cc32ce
Robert E Tarjan,1986,Y,reasonable_sample,N,"Graph algorithms, data structures, amortized analysis and optimization form a coherent sample matching the ACM citation.",,https://awards.acm.org/award-recipients/tarjan_1092048,https://scholar.google.com/citations?user=lazJixIAAAAJ,For fundamental achievements in the design and analysis of algorithms and data structures.,Robert Tarjan,"Professor of Computer Science, Princeton University",20,,,,Robert E Tarjan,Y,2026-09-17T21:32:50-04:00,2026-09-17T02:11:04Z,32a37519244a5dd64694a8ce6b72652c7715c15ee8af60dc715a58e55e059220,2026-09-13T23:44:32Z,67ed2236aeb624047c02a5c06840352388d69778a12550dd5c7c7b4e8acf5a20
Richard Karp,1985,Y,reasonable_sample,N,"Complexity, combinatorial algorithms, networking and computational-biology applications fit ACM and the Berkeley identity.",,https://awards.acm.org/award-recipients/karp_3256708,https://scholar.google.com/citations?user=bYp8FsAAAAAJ,"For his continuing contributions to the theory of algorithms including the development of efficient algorithms for network flow and other combinatorial optimization problems, the identification of polynomial-time computability with the intuitive notion of algorithmic efficiency, and, most notably, contributions to the theory of NP-completeness. Karp introduced the now standard methodology for proving problems to be NP-complete which has led to the identification of many theoretical and practical problems as being computationally difficult.",Richard M. Karp,"University of California, Berkeley",20,,,,Richard Karp,Y,2026-09-17T21:32:50-04:00,2026-09-17T02:11:11Z,bc74ceceb5985ec038345371e60f4f4694acd43a98d62dc7e822acae74815a6a,2026-09-13T23:44:38Z,8bf880327cb2693b85323464be78a8e714786f24be0496165abef3b489030a8e
Niklaus E. Wirth,1984,N,missing_profile,N,No Scholar profile link is stored; N follows the user's explicit missing-profile policy and does not prove that no public profile exists.,,https://awards.acm.org/award-recipients/wirth_1025774,,"For developing a sequence of innovative computer languages, EULER, ALGOL-W, MODULA and PASCAL. PASCAL has become pedagogically significant and has provided a foundation for future computer language, systems, and architectural research.",,,0,,,,,,2026-09-17T21:32:50-04:00,,,2026-09-13T23:44:45Z,d9ca10d07846b05e24d7d85211e47d4d876b362898ea4007f1866504cba1a4a2
Dennis M. Ritchie,1983,Y,reasonable_sample,N,"UNIX, C, Bell Labs systems and early computation theory fit the ACM citation and captured identity.",,https://awards.acm.org/award-recipients/ritchie_1506389,https://scholar.google.com/citations?user=w1WB5d0AAAAJ,"With Ken Thompson, for their development of generic operating systems theory and specifically for the implementation of the UNIX operating system.",Dennis Ritchie,Bell Labs,20,,,,,,2026-09-17T21:32:50-04:00,2026-09-17T02:11:18Z,78fe1c85c88934ae30e2921b5ac71475187b2308bc504eb70267ad297b899a95,2026-09-13T23:44:52Z,4a83a6afb944b3f45773251e764f8e52de23e74354f16825fca98c03540862e1
Kenneth Lane Thompson,1983,Y,isolated_attribution_concern,N,"UNIX, regular expressions, Plan 9, systems and computer chess dominate; the Durkheim sociology book is an isolated namesake entry.","The Durkheim book is by the Open University sociologist Kenneth Thompson, distinct from the UNIX recipient; one outlier does not warrant N.",https://awards.acm.org/award-recipients/thompson_4588371,https://scholar.google.com/citations?user=FsHMg9AAAAAJ,"With Dennis M. Ritchie, for their development of generic operating systems theory and specifically for the implementation of the UNIX operating system.",Ken Thompson,Retired,20,Emile Durkheim,K Thompson,https://www.routledge.com/Emile-Durkheim/Thompson/p/book/9780415285315,Kenneth Lane Thompson,Y,2026-09-17T21:32:50-04:00,2026-09-17T02:11:24Z,2f0cf8bcef24810943f085943a248961384850e2d3f36743de50f442a603de05,2026-09-13T23:44:59Z,fae04a72a463447e244dc7ee7e98e2c184aa316bf848e36d10cb54825d049a3e
Stephen A Cook,1982,Y,isolated_attribution_concern,N,"Complexity theory, NP-completeness, proof systems and program verification dominate; one phage-lysozyme paper credits S. P. Cook rather than S. A. Cook.","The phage-lysozyme paper lists S. P. Cook, not complexity theorist Stephen A. Cook; the other 19 entries are coherent.",https://awards.acm.org/award-recipients/cook_N991950,https://scholar.google.com/citations?user=VGxPtzIAAAAJ,"For his advancement of our understanding of the complexity of computation in a significant and profound way. His seminal paper, ""The Complexity of Theorem Proving Procedures,"" presented at the 1971 ACM SIGACT Symposium on the Theory of Computing, laid the foundations for the theory of NP-Completeness. The ensuing exploration of the boundaries and nature of NP-complete class of problems has been one of the most active and important research activities in computer science for the last decade.",Stephen Cook,"Department of Computer Science, University of Toronto",20,Contributions of hydrogen bonds of Thr 157 to the thermodynamic stability of phage T4 lysozyme,"T Alber, S Dao-Pin, K Wilson, JA Wozniak, SP Cook, BW Matthews",https://pdbj.org/mine/summary/1L03,Stephen A Cook,Y,2026-09-17T21:32:50-04:00,2026-09-17T02:11:31Z,e02114a08c3a85115a21b42fd0d2301d00d77fbc30ab59af230d18984b76a9db,2026-09-13T23:45:06Z,828dffc38c2c85f0e96fdf79cd868f68e6198163da2249db8dc3a4774bdfd968
Edgar F. Codd,1981,N,missing_profile,N,No Scholar profile link is stored; N follows the user's explicit missing-profile policy and does not prove that no public profile exists.,,https://awards.acm.org/award-recipients/codd_1000892,,For his fundamental and continuing contributions to the theory and practice of database management systems.,,,0,,,,,,2026-09-17T21:32:50-04:00,,,2026-09-13T23:45:12Z,ed984e13f3a0d0d0e55dfa9910bd79c74c5cc50059c76fabdb1798a1c4130efe
C. Antony R. Hoare,1980,N,missing_profile,N,No Scholar profile link is stored; N follows the user's explicit missing-profile policy and does not prove that no public profile exists.,,https://awards.acm.org/award-recipients/hoare_4622167,,For his fundamental contributions to the definition and design of programming languages.,,,0,,,,,,2026-09-17T21:32:50-04:00,,,2026-09-13T23:45:19Z,70e757b28f03ccbe8a134612a25fe3a76a45fa7ed2d52eb6b203c47404ab1532
Kenneth E. Iverson,1979,N,missing_profile,N,No Scholar profile link is stored; N follows the user's explicit missing-profile policy and does not prove that no public profile exists.,,https://awards.acm.org/award-recipients/iverson_9147499,,"For his pioneering effort in programming languages and mathematical notation resulting in what the computing field now knows as APL, for his contributions to the implementation of interactive systems, to educational uses of APL, and to programming language theory and practice.",,,0,,,,,,2026-09-17T21:32:50-04:00,,,2026-09-13T23:45:25Z,e9c6fa20d534eb12208aa56381e7305342a7cb76c82d71f566b4354edbbe49bb
Robert W. Floyd,1978,N,missing_profile,N,No Scholar profile link is stored; N follows the user's explicit missing-profile policy and does not prove that no public profile exists.,,https://awards.acm.org/award-recipients/floyd_3720707,,"For having a clear influence on methodologies for the creation of efficient and reliable software, and for helping to found the following important subfields of computer science: the theory of parsing, the semantics of programming languages, automatic program verification, automatic program synthesis, and analysis of algorithms.",,,0,,,,,,2026-09-17T21:32:50-04:00,,,2026-09-13T23:45:33Z,ca67714158a9832b6424c38f5062146d67521862c92e43c98580d790b78dbf5d
John Backus,1977,N,missing_profile,N,No Scholar profile link is stored; N follows the user's explicit missing-profile policy and does not prove that no public profile exists.,,https://awards.acm.org/award-recipients/backus_0703524,,"For profound, influential, and lasting contributions to the design of practical high-level programming systems, notably through his work on FORTRAN, and for seminal publication of formal procedures for the specification of programming languages.",,,0,,,,,,2026-09-17T21:32:50-04:00,,,2026-09-13T23:45:39Z,f7d3ab6d17e7c9ee23986d1bac8d6fde27e8c0b6c3562c9992c5eadb4e2128a4
Dana S Scott,1976,Y,isolated_attribution_concern,N,"Automata, domain theory, semantics, lattices and logic dominate; one rheumatoid-arthritis prevalence study is a likely namesake outlier.",The rheumatoid-arthritis study credits a D. Scott in a UK clinical research context; this appears to be a namesake entry among 19 logic and semantics papers.,https://awards.acm.org/award-recipients/scott_1193622,https://scholar.google.com/citations?user=oaja5KYAAAAJ,"Along with Michael O. Rabin, for their joint paper ""Finite Automata and Their Decision Problem,"" which introduced the idea of nondeterministic machines, which has proved to be an enormously valuable concept. Their (Scott & Rabin) classic paper has been a continuous source of inspiration for subsequent work in this field.",Dana Scott,"Visiting Scholar, UC Berkeley",20,The prevalence of rheumatoid arthritis in the United Kingdom: new estimates for a new century,"D Symmons, G Turner, R Webb, P Asten, E Barrett, M Lunt, D Scott, ...",https://pubmed.ncbi.nlm.nih.gov/12096230/,Dana S Scott,Y,2026-09-17T21:32:50-04:00,2026-09-17T02:11:44Z,0bf9a663a9bd3a15d56277bf56ff955ca942422d0827d12d8b437f6bfd6ba199,2026-09-13T23:45:45Z,3098f93738b67c6f2c1fe0c202a168f9cf09dfb2a2ca716ccea7958b8dd52367
Michael O. Rabin,1976,Y,reasonable_sample,N,"Automata, computability, randomized algorithms and cryptography fit the ACM citation and Harvard identity.",,https://awards.acm.org/award-recipients/rabin_9681074,https://scholar.google.com/citations?user=_UUtVF4AAAAJ,"Along with Dana S. Scott, for their joint paper ""Finite Automata and Their Decision Problem,"" which introduced the idea of nondeterministic machines, which has proved to be an enormously valuable concept. Their (Scott & Rabin) classic paper has been a continuous source of inspiration for subsequent work in this field.",Michael Rabin,"Professor, Harvard University",20,,,,Michael O. Rabin,Y,2026-09-17T21:32:50-04:00,2026-09-17T02:11:49Z,ddef63f378b5da27e10884f1f784fabf8de9eca05d2b46e8150686a8862d2600,2026-09-13T23:45:53Z,c2bcf3c5b2b498397189adfb16141c7bc971b269b5df8ce67d4611a03a60146c
Allen Newell,1975,Y,reasonable_sample,N,"AI, cognition, problem solving, Soar and HCI fit the ACM citation and Carnegie Mellon identity; duplicate entries do not imply a mixed person.",,https://awards.acm.org/award-recipients/newell_3167755,https://scholar.google.com/citations?user=5WfqzjkAAAAJ,"In joint scientific efforts extending over twenty years, initially in collaboration with J. C. Shaw at the RAND Corporation, and subsequentially with numerous faculty and student colleagues at Carnegie-Mellon University, Newell and co-recipient Herbert A. Simon made basic contributions to artificial intelligence, the psychology of human cognition, and list processing.",Allen Newell,"Professor of Computer Science, Carnegie Mellon",20,,,,,,2026-09-17T21:32:50-04:00,2026-09-17T02:11:55Z,81fa59c8327c965bde1b60a68b197d5b774f40a91c77f4d7dce7e7332a9f2909,2026-09-13T23:45:59Z,f6acc5bc8260f4744b6d21708b0a364b765ef2ddf8a7f3a2b45915a1d9d47fdf
Herbert A. Simon,1975,N,missing_profile,N,No Scholar profile link is stored; N follows the user's explicit missing-profile policy and does not prove that no public profile exists.,,https://awards.acm.org/award-recipients/simon_1031467,,"In joint scientific efforts extending over twenty years, initially in collaboration with J. C. Shaw at the RAND Corporation, and subsequentially with numerous faculty and student colleagues at Carnegie-Mellon University, Simon and co-recipient Allen Newell made basic contributions to artificial intelligence, the psychology of human cognition, and list processing.",,,0,,,,,,2026-09-17T21:32:50-04:00,,,2026-09-13T23:46:05Z,299f6d93661d50ab8a8144a0d2acd0d885ab5dd48a6d983698e8349e63e28a31
Donald E Knuth,1974,Y,reasonable_sample,N,"Algorithms, programming languages, mathematical analysis and TeX fit ACM and the Stanford identity.",,https://awards.acm.org/award-recipients/knuth_1013846,https://scholar.google.com/citations?user=t0yrrzQAAAAJ,"For his major contributions to the analysis of algorithms and the design of programming languages, and in particular for his contributions to the ""art of computer programming"" through his well-known books in a continuous series by this title.",Donald E. Knuth,Stanford University,20,,,,Donald E Knuth,Y,2026-09-17T21:32:50-04:00,2026-09-17T02:12:03Z,0503576da3d2c0f2f5653c425ae1c113b027189c7b1748d7138463f18c0fd597,2026-09-13T23:46:12Z,448e147dc3efed63d68316ffb733b77dab5fe4cf9857b051759148fad6e31933
Charles W Bachman,1973,N,missing_profile,N,No Scholar profile link is stored; N follows the user's explicit missing-profile policy and does not prove that no public profile exists.,,https://awards.acm.org/award-recipients/bachman_9385610,,For his outstanding contributions to database technology.,,,0,,,,,,2026-09-17T21:32:50-04:00,,,2026-09-13T23:46:19Z,efc5ebc87d13aaa5251dae2298c0fc9c1a33f5f63783b5df622075d204f19bdf
Edsger W. Dijkstra,1972,N,missing_profile,N,No Scholar profile link is stored; N follows the user's explicit missing-profile policy and does not prove that no public profile exists.,,https://awards.acm.org/award-recipients/dijkstra_1053701,,"For fundamental contributions to programming as a high, intellectual challenge; for eloquent insistence and practical demonstration that programs should be composed correctly, not just debugged into correctness; for illuminating perception of problems at the foundations of program design.",,,0,,,,,,2026-09-17T21:32:50-04:00,,,2026-09-13T23:46:26Z,c2df529a76324136f236a37fc71ec69e48c21b76343f6ca040af7d5e8bc5c178
John McCarthy,1971,N,missing_profile,N,No Scholar profile link is stored; N follows the user's explicit missing-profile policy and does not prove that no public profile exists.,,https://awards.acm.org/award-recipients/mccarthy_1118322,,"Dr. McCarthy's lecture ""The Present State of Research on Artificial Intelligence"" is a topic that covers the area in which he has achieved considerable recognition for his work.",,,0,,,,,,2026-09-17T21:32:50-04:00,,,2026-09-13T23:47:36Z,186a91e0cbdcb48fa87b13be1159f685f9d48dca8e7bf18a8899bc45b028924a
J. H. Wilkinson,1970,Y,reasonable_sample,N,"Numerical linear algebra, eigenproblems, rounding and backward-error analysis fit the ACM citation and NPL identity.",,https://awards.acm.org/award-recipients/wilkinson_0671216,https://scholar.google.com/citations?user=cwbbYp8AAAAJ,"For his research in numerical analysis to facilitate the use of the high-speed digital computer, having received special recognition for his work in computations in linear algebra and ""backward"" error analysis.",James Hardy Wilkinson,National Physical Laboratory (deceased),20,,,,,,2026-09-17T21:32:50-04:00,2026-09-17T02:12:09Z,2420eec1f52ee9c3b20b527ee5a75c99e499d47f737c4a6d310ea358805e3c9c,2026-09-13T23:47:42Z,ea7d83f20198b6106f6806bb679a21dc41f08045b33d1db1fb4f029e7c5166f3
Marvin Minsky,1969,Y,reasonable_sample,N,"AI, cognition, perceptrons and computation dominate; isolated McCarthy credits and adjacent interdisciplinary work do not establish substantial contamination.",,https://awards.acm.org/award-recipients/minsky_7440781,https://scholar.google.com/citations?user=g_7VKegAAAAJ,"For his central role in creating, shaping, promoting, and advancing the field of Artificial Intelligence.",Marvin L. Minsky,MIT,20,,,,,,2026-09-17T21:32:50-04:00,2026-09-17T02:12:16Z,317fc3baf12c13586a7050fa801656449eefb25d94bfa323c7fe004a00e6714f,2026-09-13T23:47:48Z,a14094f80f3183eb9f3c99919a00a581eb8f8c2ac9922b8fee869e2dbf907d64
Richard W. Hamming,1968,N,missing_profile,N,No Scholar profile link is stored; N follows the user's explicit missing-profile policy and does not prove that no public profile exists.,,https://awards.acm.org/award-recipients/hamming_1000652,,"For his work on numerical methods, automatic coding systems, and error-detecting and error-correcting codes.",,,0,,,,,,2026-09-17T21:32:50-04:00,,,2026-09-13T23:47:55Z,8cc5e80176cc4fd73b902ce4da9093fe3d3bc0757c2f4c5f82645d81c371fb4c
Maurice V. Wilkes,1967,N,missing_profile,N,No Scholar profile link is stored; N follows the user's explicit missing-profile policy and does not prove that no public profile exists.,,https://awards.acm.org/award-recipients/wilkes_1001395,,"Professor Wilkes is best known as the builder and designer of the EDSAC, the first computer with an internally stored program. Built in 1949, the EDSAC used a mercury delay line memory. He is also known as the author, with Wheeler and Gill, of a volume on ""Preparation of Programs for Electronic Digital Computers"" in 1951, in which program libraries were effectively introduced.",,,0,,,,,,2026-09-17T21:32:50-04:00,,,2026-09-13T23:48:03Z,96b155c47f16dde1b11210c5e70c79c1fe4602a838ed6eb80a8743fc94f009a1
A. J. Perlis,1966,N,missing_profile,N,No Scholar profile link is stored; N follows the user's explicit missing-profile policy and does not prove that no public profile exists.,,https://awards.acm.org/award-recipients/perlis_0132439,,For his influence in the area of advanced programming techniques and compiler construction.,,,0,,,,,,2026-09-17T21:32:50-04:00,,,2026-09-13T23:48:11Z,176cbf25dde0631c11839134e0c61c08b4070495fd6d501f5560bd96c9a0273c
